movieId,title,genres,poster_path
1,The Dark Knight (2008),Action|Crime|Drama,"https://m.media-amazon.com/images/M/MV5BMTMxNTMwODM0NF5BMl5BanBnXkFtZTcwODAyMTk2Mw@@._V1_QL75_UX380_CR0,0,380,562_.jpg"
2,Inception (2010),Action|Sci-Fi|Thriller,"https://m.media-amazon.com/images/M/MV5BMjAxMzY3NjcxNF5BMl5BanBnXkFtZTcwNTI5OTM0Mw@@._V1_QL75_UX380_CR0,0,380,562_.jpg"
3,The Matrix (1999),Action|Sci-Fi,"https://m.media-amazon.com/images/M/MV5BN2NmN2VhMTQtMDNiOS00NDlhLTliMjgtODE2ZTY0ODQyNDRhXkEyXkFqcGc@._V1_QL75_UX380_CR0,4,380,562_.jpg"
4,Interstellar (2014),Adventure|Drama|Sci-Fi,"https://m.media-amazon.com/images/M/MV5BYzdjMDAxZGItMjI2My00ODA1LTlkNzItOWFjMDU5ZDJlYWY3XkEyXkFqcGc@._V1_QL75_UX380_CR0,0,380,562_.jpg"
5,Toy Story (1995),Animation|Children|Comedy,https://m.media-amazon.com/images/M/MV5BZTA3OWVjOWItNjE1NS00NzZiLWE1MjgtZDZhMWI1ZTlkNzYwXkEyXkFqcGc@._V1_SX300.jpg
6,Finding Nemo (2003),Animation|Children|Comedy,https://m.media-amazon.com/images/M/MV5BMTc5NjExNTA5OV5BMl5BanBnXkFtZTYwMTQ0ODY2._V1_SX300.jpg
7,The Lion King (1994),Animation|Children|Drama,https://m.media-amazon.com/images/M/MV5BZGRiZDZhZjItM2M3ZC00Y2IyLTk3Y2MtMWY5YjliNDFkZTJlXkEyXkFqcGc@._V1_SX300.jpg
8,Titanic (1997),Drama|Romance,"https://m.media-amazon.com/images/M/MV5BYzYyN2FiZmUtYWYzMy00MzViLWJkZTMtOGY1ZjgzNWMwN2YxXkEyXkFqcGc@._V1_QL75_UX380_CR0,2,380,562_.jpg"
9,The Notebook (2004),Drama|Romance,"https://m.media-amazon.com/images/M/MV5BZjE0ZjgzMzYtMTAxYi00NGMzLThmZDktNzFlMzA2MWRmYWQ0XkEyXkFqcGc@._V1_QL75_UX380_CR0,4,380,562_.jpg"
10,La La Land (2016),Comedy|Drama|Romance,"https://m.media-amazon.com/images/M/MV5BMzUzNDM2NzM2MV5BMl5BanBnXkFtZTgwNTM3NTg4OTE@._V1_QL75_UX380_CR0,0,380,562_.jpg"
11,The Godfather (1972),Crime|Drama,"https://m.media-amazon.com/images/M/MV5BNGEwYjgwOGQtYjg5ZS00Njc1LTk2ZGEtM2QwZWQ2NjdhZTE5XkEyXkFqcGc@._V1_QL75_UY562_CR8,0,380,562_.jpg"
12,Pulp Fiction (1994),Crime|Drama|Thriller,"https://m.media-amazon.com/images/M/MV5BYTViYTE3ZGQtNDBlMC00ZTAyLTkyODMtZGRiZDg0MjA2YThkXkEyXkFqcGc@._V1_QL75_UY562_CR3,0,380,562_.jpg"
13,Goodfellas (1990),Crime|Drama,"https://m.media-amazon.com/images/M/MV5BN2E5NzI2ZGMtY2VjNi00YTRjLWI1MDUtZGY5OWU1MWJjZjRjXkEyXkFqcGc@._V1_QL75_UX380_CR0,3,380,562_.jpg"
14,Superbad (2007),Comedy,https://m.media-amazon.com/images/M/MV5BNjk0MzdlZGEtNTRkOC00ZDRiLWJkYjAtMzUzYTRiNzk1YTViXkEyXkFqcGc@._V1_SX300.jpg
15,The Hangover (2009),Comedy,https://m.media-amazon.com/images/M/MV5BNDI2MzBhNzgtOWYyOS00NDM2LWE0OGYtOGQ0M2FjMTI2NTllXkEyXkFqcGc@._V1_SX300.jpg
16,Step Brothers (2008),Comedy,https://m.media-amazon.com/images/M/MV5BYWNiOGZkOTgtNGMzMC00MDg5LTliM2UtN2VjMDI3N2ViOWE5XkEyXkFqcGc@._V1_SX300.jpg
17,Get Out (2017),Horror|Thriller,"https://m.media-amazon.com/images/M/MV5BMjUxMDQwNjcyNl5BMl5BanBnXkFtZTgwNzcwMzc0MTI@._V1_QL75_UX380_CR0,0,380,562_.jpg"
18,A Quiet Place (2018),Horror|Sci-Fi|Thriller,https://m.media-amazon.com/images/M/MV5BMjI0MDMzNTQ0M15BMl5BanBnXkFtZTgwMTM5NzM3NDM@._V1_SX300.jpg
19,The Conjuring (2013),Horror|Thriller,"https://m.media-amazon.com/images/M/MV5BMTM3NjA1NDMyMV5BMl5BanBnXkFtZTcwMDQzNDMzOQ@@._V1_QL75_UX380_CR0,0,380,562_.jpg"
20,Avengers: Endgame (2019),Action|Adventure|Sci-Fi,"https://m.media-amazon.com/images/M/MV5BMWEyNDM2ZmQtMmFkNi00MTQ1LTk1MjItMzdlZGJlYmIyYzZlXkEyXkFqcGc@._V1_QL75_UX380_CR0,0,380,562_.jpg"
21,Iron Man (2008),Action|Adventure|Sci-Fi,"https://m.media-amazon.com/images/M/MV5BMTczNTI2ODUwOF5BMl5BanBnXkFtZTcwMTU0NTIzMw@@._V1_QL75_UX380_CR0,0,380,562_.jpg"
22,Mad Max: Fury Road (2015),Action|Adventure|Sci-Fi,https://m.media-amazon.com/images/M/MV5BZDRkODJhOTgtOTc1OC00NTgzLTk4NjItNDgxZDY4YjlmNDY2XkEyXkFqcGc@._V1_SX300.jpg
23,Forrest Gump (1994),Comedy|Drama|Romance,"https://m.media-amazon.com/images/M/MV5BNDYwNzVjMTItZmU5YS00YjQ5LTljYjgtMjY2NDVmYWMyNWFmXkEyXkFqcGc@._V1_QL75_UY562_CR4,0,380,562_.jpg"
24,The Shawshank Redemption (1994),Crime|Drama,"https://m.media-amazon.com/images/M/MV5BMDAyY2FhYjctNDc5OS00MDNlLThiMGUtY2UxYWVkNGY2ZjljXkEyXkFqcGc@._V1_QL75_UX380_CR0,4,380,562_.jpg"
25,Coco (2017),Animation|Children|Fantasy,"https://m.media-amazon.com/images/M/MV5BMDIyM2E2NTAtMzlhNy00ZGUxLWI1NjgtZDY5MzhiMDc5NGU3XkEyXkFqcGc@._V1_QL75_UY562_CR7,0,380,562_.jpg"
26,Up (2009),Adventure|Animation|Children,https://m.media-amazon.com/images/M/MV5BNmI1ZTc5MWMtMDYyOS00ZDc2LTkzOTAtNjQ4NWIxNjYyNDgzXkEyXkFqcGc@._V1_SX300.jpg
27,Dangal (2016),Action|Drama,https://m.media-amazon.com/images/M/MV5BMTQ4MzQzMzM2Nl5BMl5BanBnXkFtZTgwMTQ1NzU3MDI@._V1_SX300.jpg
28,3 Idiots (2009),Comedy|Drama,https://m.media-amazon.com/images/M/MV5BNzc4ZWQ3NmYtODE0Ny00YTQ4LTlkZWItNTBkMGQ0MmUwMmJlXkEyXkFqcGc@._V1_SX300.jpg
29,Zindagi Na Milegi Dobara (2011),Adventure|Comedy|Drama,https://m.media-amazon.com/images/M/MV5BOGIzYzg5NzItNDRkYS00NmIzLTk3NzQtZWYwY2VlZDhiYWQ4XkEyXkFqcGc@._V1_SX300.jpg
30,Lagaan (2001),Drama|Musical,https://m.media-amazon.com/images/M/MV5BM2FmODM4OTktOTRjOS00ZTIzLWIzZjAtMDBhOGEzYThkNzMzXkEyXkFqcGc@._V1_SX300.jpg
31,Jurassic Park (1993),Action|Adventure|Sci-Fi|Thriller,https://m.media-amazon.com/images/M/MV5BMjM2MDgxMDg0Nl5BMl5BanBnXkFtZTgwNTM2OTM5NDE@._V1_SX300.jpg
32,Star Wars: Episode IV - A New Hope (1977),Action|Adventure|Sci-Fi,https://m.media-amazon.com/images/M/MV5BOGUwMDk0Y2MtNjBlNi00NmRiLTk2MWYtMGMyMDlhYmI4ZDBjXkEyXkFqcGc@._V1_SX300.jpg
33,The Empire Strikes Back (1980),Action|Adventure|Sci-Fi,https://m.media-amazon.com/images/M/MV5BMTkxNGFlNDktZmJkNC00MDdhLTg0MTEtZjZiYWI3MGE5NWIwXkEyXkFqcGc@._V1_SX300.jpg
34,Back to the Future (1985),Adventure|Comedy|Sci-Fi,"https://m.media-amazon.com/images/M/MV5BZmM3ZjE0NzctNjBiOC00MDZmLTgzMTUtNGVlOWFlOTNiZDJiXkEyXkFqcGc@._V1_QL75_UX380_CR0,14,380,562_.jpg"
35,Terminator 2: Judgment Day (1991),Action|Sci-Fi,"https://m.media-amazon.com/images/M/MV5BNGMyMGNkMDUtMjc2Ni00NWFlLTgyODEtZTY2MzBiZTg0OWZiXkEyXkFqcGc@._V1_QL75_UX380_CR0,1,380,562_.jpg"
36,Alien (1979),Horror|Sci-Fi,"https://m.media-amazon.com/images/M/MV5BN2NhMDk2MmEtZDQzOC00MmY5LThhYzAtMDdjZGFjOGZjMjdjXkEyXkFqcGc@._V1_QL75_UX380_CR0,6,380,562_.jpg"
37,Blade Runner (1982),Sci-Fi|Thriller,https://m.media-amazon.com/images/M/MV5BOWQ4YTBmNTQtMDYxMC00NGFjLTkwOGQtNzdhNmY1Nzc1MzUxXkEyXkFqcGc@._V1_SX300.jpg
38,Gladiator (2000),Action|Adventure|Drama,"https://m.media-amazon.com/images/M/MV5BYWQ4YmNjYjEtOWE1Zi00Y2U4LWI4NTAtMTU0MjkxNWQ1ZmJiXkEyXkFqcGc@._V1_QL75_UX380_CR0,0,380,562_.jpg"
39,The Lord of the Rings: The Fellowship of the Ring (2001),Adventure|Fantasy,"https://m.media-amazon.com/images/M/MV5BNzIxMDQ2YTctNDY4MC00ZTRhLTk4ODQtMTVlOWY4NTdiYmMwXkEyXkFqcGc@._V1_QL75_UX380_CR0,1,380,562_.jpg"
40,Harry Potter and the Sorcerer's Stone (2001),Adventure|Children|Fantasy,https://m.media-amazon.com/images/M/MV5BNTU1MzgyMDMtMzBlZS00YzczLThmYWEtMjU3YmFlOWEyMjE1XkEyXkFqcGc@._V1_SX300.jpg
41,The Silence of the Lambs (1991),Crime|Horror|Thriller,"https://m.media-amazon.com/images/M/MV5BNDdhOGJhYzctYzYwZC00YmI2LWI0MjctYjg4ODdlMDExYjBlXkEyXkFqcGc@._V1_QL75_UY562_CR1,0,380,562_.jpg"
42,Se7en (1995),Crime|Thriller,missing
43,Fight Club (1999),Action|Crime|Drama,"https://m.media-amazon.com/images/M/MV5BOTgyOGQ1NDItNGU3Ny00MjU3LTg2YWEtNmEyYjBiMjI1Y2M5XkEyXkFqcGc@._V1_QL75_UX380_CR0,4,380,562_.jpg"
44,The Departed (2006),Crime|Drama|Thriller,"https://m.media-amazon.com/images/M/MV5BMTI1MTY2OTIxNV5BMl5BanBnXkFtZTYwNjQ4NjY3._V1_QL75_UY562_CR0,0,380,562_.jpg"
45,Joker (2019),Crime|Drama|Thriller,"https://m.media-amazon.com/images/M/MV5BNzY3OWQ5NDktNWQ2OC00ZjdlLThkMmItMDhhNDk3NTFiZGU4XkEyXkFqcGc@._V1_QL75_UX380_CR0,0,380,562_.jpg"
46,Parasite (2019),Comedy|Drama|Thriller,https://m.media-amazon.com/images/M/MV5BYjk1Y2U4MjQtY2ZiNS00OWQyLWI3MmYtZWUwNmRjYWRiNWNhXkEyXkFqcGc@._V1_SX300.jpg
47,Whiplash (2014),Drama|Musical,https://m.media-amazon.com/images/M/MV5BMDFjOWFkYzktYzhhMC00NmYyLTkwY2EtYjViMDhmNzg0OGFkXkEyXkFqcGc@._V1_SX300.jpg
48,The Prestige (2006),Drama|Sci-Fi|Thriller,"https://m.media-amazon.com/images/M/MV5BMTM3MzQ5MjQ5OF5BMl5BanBnXkFtZTcwMTQ3NzMzMw@@._V1_QL75_UY562_CR0,0,380,562_.jpg"
49,Memento (2000),Crime|Thriller,https://m.media-amazon.com/images/M/MV5BZmJlNzYxMmMtMzQ2YS00NTM5LWJjMjYtMzRmY2NhNDZkMjE1XkEyXkFqcGdeQXVyNjc5Mjg4Nzc@._V1_SX300.jpg
50,Shutter Island (2010),Drama|Thriller,"https://m.media-amazon.com/images/M/MV5BN2FjNWExYzEtY2YzOC00YjNlLTllMTQtNmIwM2Q1YzBhOWM1XkEyXkFqcGc@._V1_QL75_UX380_CR0,0,380,562_.jpg"
51,Django Unchained (2012),Action|Drama,"https://m.media-amazon.com/images/M/MV5BMjIyNTQ5NjQ1OV5BMl5BanBnXkFtZTcwODg1MDU4OA@@._V1_QL75_UX380_CR0,0,380,562_.jpg"
52,Inglourious Basterds (2009),Action|Adventure|Drama,"https://m.media-amazon.com/images/M/MV5BODZhMWJlNjYtNDExNC00MTIzLTllM2ItOGQ2NGVjNDQ3MzkzXkEyXkFqcGc@._V1_QL75_UX380_CR0,0,380,562_.jpg"
53,The Wolf of Wall Street (2013),Comedy|Crime|Drama,"https://m.media-amazon.com/images/M/MV5BMjIxMjgxNTk0MF5BMl5BanBnXkFtZTgwNjIyOTg2MDE@._V1_QL75_UX380_CR0,0,380,562_.jpg"
54,The Social Network (2010),Drama,https://m.media-amazon.com/images/M/MV5BMjlkNTE5ZTUtNGEwNy00MGVhLThmZjMtZjU1NDE5Zjk1NDZkXkEyXkFqcGc@._V1_SX300.jpg
55,Black Panther (2018),Action|Adventure|Sci-Fi,"https://m.media-amazon.com/images/M/MV5BMTg1MTY2MjYzNV5BMl5BanBnXkFtZTgwMTc4NTMwNDI@._V1_QL75_UX380_CR0,0,380,562_.jpg"
56,Spider-Man: Into the Spider-Verse (2018),Action|Adventure|Animation|Children,https://m.media-amazon.com/images/M/MV5BMjMwNDkxMTgzOF5BMl5BanBnXkFtZTgwNTkwNTQ3NjM@._V1_SX300.jpg
57,The Incredibles (2004),Action|Adventure|Animation|Children|Comedy,https://m.media-amazon.com/images/M/MV5BMTY5OTU0OTc2NV5BMl5BanBnXkFtZTcwMzU4MDcyMQ@@._V1_SX300.jpg
58,Shrek (2001),Adventure|Animation|Children|Comedy|Fantasy,https://m.media-amazon.com/images/M/MV5BN2FkMTRkNTUtYTI0NC00ZjI4LWI5MzUtMDFmOGY0NmU2OGY1XkEyXkFqcGc@._V1_SX300.jpg
59,Frozen (2013),Adventure|Animation|Children|Comedy|Musical,https://m.media-amazon.com/images/M/MV5BMTQ1MjQwMTE5OF5BMl5BanBnXkFtZTgwNjk3MTcyMDE@._V1_SX300.jpg
60,Moana (2016),Adventure|Animation|Children|Comedy|Musical,https://m.media-amazon.com/images/M/MV5BMjI4MzU5NTExNF5BMl5BanBnXkFtZTgwNzY1MTEwMDI@._V1_SX300.jpg
61,Inside Out (2015),Adventure|Animation|Children|Comedy|Drama,https://m.media-amazon.com/images/M/MV5BOTgxMDQwMDk0OF5BMl5BanBnXkFtZTgwNjU5OTg2NDE@._V1_SX300.jpg
62,Ratatouille (2007),Animation|Children|Comedy,"https://m.media-amazon.com/images/M/MV5BMTMzODU0NTkxMF5BMl5BanBnXkFtZTcwMjQ4MzMzMw@@._V1_QL75_UX380_CR0,0,380,562_.jpg"
63,WALL-E (2008),Adventure|Animation|Children|Romance|Sci-Fi,"https://m.media-amazon.com/images/M/MV5BMzk0ZGMzMDYtMDJkYS00NTdhLWJlZWUtMTdhOTJkOTM3NDUwXkEyXkFqcGc@._V1_QL75_UX380_CR0,4,380,562_.jpg"
64,Spirited Away (2001),Adventure|Animation|Fantasy,missing
65,Aladdin (1992),Adventure|Animation|Children|Comedy|Musical,https://m.media-amazon.com/images/M/MV5BMmQwYWZjZGItYzc0OC00ZDllLTg3NjItOWIyOWYwMDljMjAyXkEyXkFqcGc@._V1_SX300.jpg
66,Beauty and the Beast (1991),Animation|Children|Fantasy|Musical|Romance,https://m.media-amazon.com/images/M/MV5BYTY3NDg2YzktYWFjZC00MTExLTlmZDctMGY3MWYzZTlkYTNiXkEyXkFqcGc@._V1_SX300.jpg
67,"Monsters, Inc. (2001)",Adventure|Animation|Children|Comedy|Fantasy,"https://m.media-amazon.com/images/M/MV5BMTY1NTI0ODUyOF5BMl5BanBnXkFtZTgwNTEyNjQ0MDE@._V1_QL75_UX380_CR0,0,380,562_.jpg"
68,Kung Fu Panda (2008),Action|Animation|Children|Comedy,https://m.media-amazon.com/images/M/MV5BZDU5MDNiMGItYjVmZi00NDUxLTg2OTktNGE0NzNlNzM4NzgyXkEyXkFqcGc@._V1_SX300.jpg
69,How to Train Your Dragon (2010),Adventure|Animation|Children|Fantasy,https://m.media-amazon.com/images/M/MV5BMjA5NDQyMjc2NF5BMl5BanBnXkFtZTcwMjg5ODcyMw@@._V1_SX300.jpg
70,Home Alone (1990),Children|Comedy,https://m.media-amazon.com/images/M/MV5BNzNmNmQ2ZDEtMTc1MS00NjNiLThlMGUtZmQxNTg1Nzg5NWMzXkEyXkFqcGc@._V1_SX300.jpg
71,Mrs. Doubtfire (1993),Comedy|Drama,https://m.media-amazon.com/images/M/MV5BY2E2MDc5ZGEtOTNlZS00Mjg4LThlNzUtMDY2Zjc4ZTViNWY0XkEyXkFqcGc@._V1_SX300.jpg
72,The Mask (1994),Action|Comedy|Crime|Fantasy,https://m.media-amazon.com/images/M/MV5BNGNmNjI0ZmMtMzI5MC00ZjUyLWFlZDEtYjUyMGZlN2E3N2E2XkEyXkFqcGc@._V1_SX300.jpg
73,Ghostbusters (1984),Action|Comedy|Sci-Fi,"https://m.media-amazon.com/images/M/MV5BYWE0YzYxNDUtMjk2ZC00NTEyLWE1MjktNzFkMjdjOWEwNTcyXkEyXkFqcGc@._V1_QL75_UX380_CR0,4,380,562_.jpg"
74,Bridesmaids (2011),Comedy|Romance,https://m.media-amazon.com/images/M/MV5BMjAyOTMyMzUxNl5BMl5BanBnXkFtZTcwODI4MzE0NA@@._V1_SX300.jpg
75,Knives Out (2019),Comedy|Crime|Drama,"https://m.media-amazon.com/images/M/MV5BZDU5ZTRkYmItZjg0Mi00ZTQwLThjMWItNWM3MTMxMzVjZmVjXkEyXkFqcGc@._V1_QL75_UX380_CR0,0,380,562_.jpg"
76,Mean Girls (2004),Comedy,"https://m.media-amazon.com/images/M/MV5BMjE1MDQ4MjI1OV5BMl5BanBnXkFtZTcwNzcwODAzMw@@._V1_QL75_UY562_CR9,0,380,562_.jpg"
77,Anchorman: The Legend of Ron Burgundy (2004),Comedy,https://m.media-amazon.com/images/M/MV5BMTQ2MzYwMzk5Ml5BMl5BanBnXkFtZTcwOTI4NzUyMw@@._V1_SX300.jpg
78,Pretty Woman (1990),Comedy|Romance,https://m.media-amazon.com/images/M/MV5BNjk2ODQzNDYxNV5BMl5BanBnXkFtZTgwMTcyNDg4NjE@._V1_SX300.jpg
79,When Harry Met Sally... (1989),Comedy|Romance,https://m.media-amazon.com/images/M/MV5BMjE0ODEwNjM2NF5BMl5BanBnXkFtZTcwMjU2Mzg3NA@@._V1_SX300.jpg
80,Pride & Prejudice (2005),Drama|Romance,https://m.media-amazon.com/images/M/MV5BMTA1NDQ3NTcyOTNeQTJeQWpwZ15BbWU3MDA0MzA4MzE@._V1_SX300.jpg
81,Crazy Rich Asians (2018),Comedy|Romance,https://m.media-amazon.com/images/M/MV5BMTYxNDMyOTAxN15BMl5BanBnXkFtZTgwMDg1ODYzNTM@._V1_SX300.jpg
82,Casablanca (1942),Drama|Romance,missing
83,Ghost (1990),Drama|Fantasy|Romance|Thriller,https://m.media-amazon.com/images/M/MV5BZjkwOWM2MWMtMWE1YS00MTBlLTg1ODctYTI3M2I0NGIxMGYyXkEyXkFqcGc@._V1_SX300.jpg
84,The Fault in Our Stars (2014),Drama|Romance,https://m.media-amazon.com/images/M/MV5BYTA4ODg5YWUtYmZiYy00Y2M4LWE0NjEtODE5MzhkYmJmZGEwXkEyXkFqcGc@._V1_SX300.jpg
85,Moulin Rouge! (2001),Drama|Musical|Romance,https://m.media-amazon.com/images/M/MV5BYTgyOGY4OTktZmZhMC00ZmIwLWI4YjUtNjYzNDg1Nzc3ZDg1XkEyXkFqcGc@._V1_SX300.jpg
86,The Greatest Showman (2017),Drama|Musical,https://m.media-amazon.com/images/M/MV5BMjI1NDYzNzY2Ml5BMl5BanBnXkFtZTgwODQwODczNTM@._V1_SX300.jpg
87,Mamma Mia! (2008),Comedy|Musical|Romance,https://m.media-amazon.com/images/M/MV5BMTA2MDU0MjM0MzReQTJeQWpwZ15BbWU3MDYwNzgwNzE@._V1_SX300.jpg
88,The Exorcist (1973),Horror,https://m.media-amazon.com/images/M/MV5BZjg3YjE4ZjAtYTdmYS00ZTBkLWE1ZjgtNzAzODUwNzRiYjlmXkEyXkFqcGc@._V1_SX300.jpg
89,Psycho (1960),Horror|Thriller,"https://m.media-amazon.com/images/M/MV5BYjZhMzFiZjItODA3ZC00MmRhLWIzMGYtMmVjOWUwYTA3MTRjXkEyXkFqcGc@._V1_QL75_UX380_CR0,1,380,562_.jpg"
90,Halloween (1978),Horror|Thriller,"https://m.media-amazon.com/images/M/MV5BMzZiNTdiYTgtYjNkMS00MmJmLWEwZGQtNmY0NGJkMGE0YmYzXkEyXkFqcGc@._V1_QL75_UX380_CR0,9,380,562_.jpg"
91,It (2017),Horror,"https://m.media-amazon.com/images/M/MV5BZGZmOTZjNzUtOTE4OS00OGM3LWJiNGEtZjk4Yzg2M2Q1YzYxXkEyXkFqcGc@._V1_QL75_UX380_CR0,4,380,562_.jpg"
92,Hereditary (2018),Drama|Horror|Thriller,"https://m.media-amazon.com/images/M/MV5BNTEyZGQwODctYWJjZi00NjFmLTg3YmEtMzlhNjljOGZhMWMyXkEyXkFqcGc@._V1_QL75_UX380_CR0,0,380,562_.jpg"
93,Saving Private Ryan (1998),Action|Drama,"https://m.media-amazon.com/images/M/MV5BZGZhZGQ1ZWUtZTZjYS00MDJhLWFkYjctN2ZlYjE5NWYwZDM2XkEyXkFqcGc@._V1_QL75_UY562_CR1,0,380,562_.jpg"
94,Schindler's List (1993),Drama,missing
95,The Green Mile (1999),Crime|Drama|Fantasy,"https://m.media-amazon.com/images/M/MV5BMTUxMzQyNjA5MF5BMl5BanBnXkFtZTYwOTU2NTY3._V1_QL75_UX380_CR0,0,380,562_.jpg"
96,Rocky (1976),Drama,https://m.media-amazon.com/images/M/MV5BZDEyY2M2MGMtYjg5OC00ZWFjLWFkZDQtNmQzZTdiYmYzZTBkXkEyXkFqcGc@._V1_SX300.jpg
97,Top Gun: Maverick (2022),Action|Drama,"https://m.media-amazon.com/images/M/MV5BMDBkZDNjMWEtOTdmMi00NmExLTg5MmMtNTFlYTJlNWY5YTdmXkEyXkFqcGc@._V1_QL75_UX380_CR0,0,380,562_.jpg"
98,Oppenheimer (2023),Drama,"https://m.media-amazon.com/images/M/MV5BN2JkMDc5MGQtZjg3YS00NmFiLWIyZmQtZTJmNTM5MjVmYTQ4XkEyXkFqcGc@._V1_QL75_UX380_CR0,0,380,562_.jpg"
99,Dune (2021),Action|Adventure|Sci-Fi,"https://m.media-amazon.com/images/M/MV5BNWIyNmU5MGYtZDZmNi00ZjAwLWJlYjgtZTc0ZGIxMDE4ZGYwXkEyXkFqcGc@._V1_QL75_UY562_CR1,0,380,562_.jpg"
100,John Wick (2014),Action|Crime|Thriller,https://m.media-amazon.com/images/M/MV5BMTU2NjA1ODgzMF5BMl5BanBnXkFtZTgwMTM2MTI4MjE@._V1_SX300.jpg
101,Mission: Impossible - Fallout (2018),Action|Adventure|Thriller,"https://m.media-amazon.com/images/M/MV5BZmUwZTg2YmMtMmZjOS00ZDYwLWI2ZDgtZDcyY2ZmMWMwZDdlXkEyXkFqcGc@._V1_QL75_UX380_CR0,0,380,562_.jpg"
102,Die Hard (1988),Action|Crime|Thriller,https://m.media-amazon.com/images/M/MV5BMGNlYmM1NmQtYWExMS00NmRjLTg5ZmEtMmYyYzJkMzljYWMxXkEyXkFqcGc@._V1_SX300.jpg
103,Casino Royale (2006),Action|Adventure|Thriller,https://m.media-amazon.com/images/M/MV5BMWQ1ZDM4NDktMWY0NC00MjcxLWJlMDMtNmE2MGVhYzRjMWQ0XkEyXkFqcGc@._V1_SX300.jpg
104,The Bourne Identity (2002),Action|Thriller,https://m.media-amazon.com/images/M/MV5BYTk1ZTcyMWMtMWUxYS00MmEzLTlmODYtOTk1MGRjOTg1ZjlmXkEyXkFqcGc@._V1_SX300.jpg
105,Dilwale Dulhania Le Jayenge (1995),Comedy|Drama|Romance,https://m.media-amazon.com/images/M/MV5BMDQyMDI4ZGMtYjI5MS00YTk1LTk3ZDgtZTA3MzQ5YWQ4Y2Q4XkEyXkFqcGc@._V1_SX300.jpg
106,Kabhi Khushi Kabhie Gham... (2001),Drama|Musical|Romance,https://m.media-amazon.com/images/M/MV5BN2MyZGVhNmMtY2JkNy00ZmIzLTkwOGItY2NiM2MyOGMxODkzXkEyXkFqcGc@._V1_SX300.jpg
107,Sholay (1975),Action|Adventure|Comedy,https://m.media-amazon.com/images/M/MV5BNmI1NTRmMWQtNDJlZC00MGIzLWEwYzctYTQwNTI2NWNjM2MwXkEyXkFqcGc@._V1_SX300.jpg
108,Mughal-E-Azam (1960),Drama|Musical|Romance,https://m.media-amazon.com/images/M/MV5BNWE0M2M0NTQtMTNkMS00ODgyLTg4MDMtODEwZjZjOTE1MDhjXkEyXkFqcGc@._V1_SX300.jpg
109,Dil Chahta Hai (2001),Comedy|Drama|Romance,https://m.media-amazon.com/images/M/MV5BYjY4NzgzNTQtZDhiNi00ZGJiLWIzMWQtNDg3YzkyNTdkZjAyXkEyXkFqcGc@._V1_SX300.jpg
110,Rang De Basanti (2006),Drama,https://m.media-amazon.com/images/M/MV5BMTJhZTdmODctZWY3Zi00MGI3LThiZDMtZWQ5ZjNkYzQyMTI3XkEyXkFqcGc@._V1_SX300.jpg
111,Taare Zameen Par (2007),Children|Drama,missing
112,PK (2014),Comedy|Drama|Sci-Fi,https://m.media-amazon.com/images/M/MV5BMTYzOTE2NjkxN15BMl5BanBnXkFtZTgwMDgzMTg0MzE@._V1_SX300.jpg
113,Bajrangi Bhaijaan (2015),Adventure|Comedy|Drama,https://m.media-amazon.com/images/M/MV5BYzVjMjZiNGUtZjZiNy00Yzg4LWEzYzYtMmI1NDg5NWNiNjUwXkEyXkFqcGc@._V1_SX300.jpg
114,Queen (2013),Comedy|Drama,"https://m.media-amazon.com/images/M/MV5BZjZiNDM3NzgtM2QzMS00NjQ3LWI4NjktNjcyYzQzMmM4OGE2XkEyXkFqcGc@._V1_QL75_UY562_CR9,0,380,562_.jpg"
115,Gully Boy (2019),Drama|Musical,https://m.media-amazon.com/images/M/MV5BOWFkY2M3NDctZGEzMS00M2VmLTgzMTAtZWFiNjVmZDc5NWFjXkEyXkFqcGc@._V1_SX300.jpg
116,Andhadhun (2018),Comedy|Crime|Thriller,https://m.media-amazon.com/images/M/MV5BMjZiYTNkNjUtNzI3MC00YWJmLTljM2QtNTI3MTU3ODYzNWFjXkEyXkFqcGc@._V1_SX300.jpg
117,Kahaani (2012),Crime|Thriller,"https://m.media-amazon.com/images/M/MV5BMTQ1NDI0NzkyOF5BMl5BanBnXkFtZTcwNzAyNzE2Nw@@._V1_QL75_UY562_CR5,0,380,562_.jpg"
118,Barfi! (2012),Comedy|Drama|Romance,https://m.media-amazon.com/images/M/MV5BMTQzMTEyODY2Ml5BMl5BanBnXkFtZTgwMjA0MDUyMjE@._V1_SX300.jpg
119,Swades (2004),Drama,"https://m.media-amazon.com/images/M/MV5BOTY3OTBjMGItNzAzMC00MDQ3LTliZjUtMWIyMjk1NDZjNTQ4XkEyXkFqcGc@._V1_QL75_UY562_CR7,0,380,562_.jpg"
120,Chak De! India (2007),Drama,https://m.media-amazon.com/images/M/MV5BMjYyOTdmYTYtYjQ4Ni00ZmFiLWJlZjYtZmJkNDI5MmNlNjMyXkEyXkFqcGc@._V1_SX300.jpg
121,Baahubali: The Beginning (2015),Action|Adventure|Drama,https://m.media-amazon.com/images/M/MV5BM2YxZThhZmEtYzM0Yi00OWYxLWI4NGYtM2Y2ZDNmOGE0ZWQzXkEyXkFqcGc@._V1_SX300.jpg
122,RRR (2022),Action|Adventure|Drama,https://m.media-amazon.com/images/M/MV5BNWMwODYyMjQtMTczMi00NTQ1LWFkYjItMGJhMWRkY2E3NDAyXkEyXkFqcGc@._V1_SX300.jpg
123,K.G.F: Chapter 2 (2022),Action|Crime|Drama,https://m.media-amazon.com/images/M/MV5BZmQzZjVkZTUtYjI4ZC00ZDJmLWI0ZDUtZTFmMGM1Mzc5ZjIyXkEyXkFqcGc@._V1_SX300.jpg
124,Pushpa: The Rise (2021),Action|Crime|Drama,"https://m.media-amazon.com/images/M/MV5BOWE4YWEyNjYtMWFiNC00M2IzLWE3ZGMtMjQ0ZGEyOWI1YjAzXkEyXkFqcGc@._V1_QL75_UX380_CR0,4,380,562_.jpg"
125,Vikram (2022),Action|Crime|Thriller,https://m.media-amazon.com/images/M/MV5BMmViYjExY2UtMzZjOS00OGQ2LWEzNWYtNGYxY2NkY2RmMDE3XkEyXkFqcGc@._V1_SX300.jpg
126,Drishyam (2015),Crime|Drama|Thriller,https://m.media-amazon.com/images/M/MV5BMDRlZWFkMjEtYmYyZi00MmE5LWIzMzUtYmM2N2M5Y2UxZDJjXkEyXkFqcGc@._V1_SX300.jpg
127,Pathaan (2023),Action|Adventure|Thriller,https://m.media-amazon.com/images/M/MV5BNDdkNTY1MDQtY2I5MC00OTFlLTg5OWQtZWE2YzE5NWFiMDgzXkEyXkFqcGc@._V1_SX300.jpg
128,Jawan (2023),Action|Thriller,https://m.media-amazon.com/images/M/MV5BMGExNGI1NDktOWI2Mi00NDM3LWIxMmQtNTQxYTgzMzI0MTA1XkEyXkFqcGc@._V1_SX300.jpg
129,Zootopia (2016),Adventure|Animation|Children|Comedy,"https://m.media-amazon.com/images/M/MV5BOTMyMjEyNzIzMV5BMl5BanBnXkFtZTgwNzIyNjU0NzE@._V1_QL75_UX380_CR0,0,380,562_.jpg"
130,Barbie (2023),Adventure|Comedy|Fantasy,"https://m.media-amazon.com/images/M/MV5BYjI3NDU0ZGYtYjA2YS00Y2RlLTgwZDAtYTE2YTM5ZjE1M2JlXkEyXkFqcGc@._V1_QL75_UX380_CR0,0,380,562_.jpg"
131,Raiders of the Lost Ark,Action|Adventure,
132,Indiana Jones and the Last Crusade,Action|Adventure,
133,Braveheart,Action|Adventure,
134,The Last Samurai,Action|Adventure,
135,300,Action|Adventure,
136,Troy,Action|Adventure,
137,Kingdom of Heaven,Action|Adventure,
138,Master and Commander,Action|Adventure,
139,The Rock,Action|Adventure,
140,Con Air,Action|Adventure,
141,Face/Off,Action|Adventure,
142,Speed,Action|Adventure,
143,Die Hard with a Vengeance,Action|Adventure,
144,Lethal Weapon,Action|Adventure,
145,Lethal Weapon 2,Action|Adventure,
146,Point Break,Action|Adventure,
147,Heat,Action|Adventure,
148,Collateral,Action|Adventure,
149,The Bourne Supremacy,Action|Adventure,
150,The Bourne Ultimatum,Action|Adventure,
151,Skyfall,Action|Adventure,
152,No Time to Die,Action|Adventure,
153,Mission: Impossible,Action|Adventure,
154,Mission: Impossible 2,Action|Adventure,
155,Mission: Impossible III,Action|Adventure,
156,Mission: Impossible - Ghost Protocol,Action|Adventure,
157,Mission: Impossible - Rogue Nation,Action|Adventure,
158,Top Gun,Action|Adventure,
159,Edge of Tomorrow,Action|Adventure,
160,Oblivion,Action|Adventure,
161,Minority Report,Action|Adventure,
162,War of the Worlds,Action|Adventure,
163,I Am Legend,Action|Adventure,
164,World War Z,Action|Adventure,
165,The Hunger Games,Action|Adventure,
166,Catching Fire,Action|Adventure,
167,Mockingjay Part 1,Action|Adventure,
168,Divergent,Action|Adventure,
169,The Maze Runner,Action|Adventure,
170,Ready Player One,Action|Adventure,
171,Alita: Battle Angel,Action|Adventure,
172,Pacific Rim,Action|Adventure,
173,Godzilla,Action|Adventure,
174,The Town,Action|Crime|Thriller,
175,L.A. Confidential,Action|Crime|Thriller,
176,The Usual Suspects,Action|Crime|Thriller,
177,Reservoir Dogs,Action|Crime|Thriller,
178,Kill Bill: Vol. 1,Action|Crime|Thriller,
179,Kill Bill: Vol. 2,Action|Crime|Thriller,
180,Jackie Brown,Action|Crime|Thriller,
181,Once Upon a Time in Hollywood,Action|Crime|Thriller,
182,Scarface,Action|Crime|Thriller,
183,Carlito's Way,Action|Crime|Thriller,
184,Donnie Brasco,Action|Crime|Thriller,
185,American Gangster,Action|Crime|Thriller,
186,Training Day,Action|Crime|Thriller,
187,Man on Fire,Action|Crime|Thriller,
188,Inside Man,Action|Crime|Thriller,
189,The Equalizer,Action|Crime|Thriller,
190,The Equalizer 2,Action|Crime|Thriller,
191,John Wick: Chapter 2,Action|Crime|Thriller,
192,John Wick: Chapter 3,Action|Crime|Thriller,
193,John Wick: Chapter 4,Action|Crime|Thriller,
194,Nobody,Action|Crime|Thriller,
195,Taken,Action|Crime|Thriller,
196,Taken 2,Action|Crime|Thriller,
197,Taken 3,Action|Crime|Thriller,
198,The Accountant,Action|Crime|Thriller,
199,Wrath of Man,Action|Crime|Thriller,
200,Sicario,Action|Crime|Thriller,
201,Sicario: Day of the Soldado,Action|Crime|Thriller,
202,Prisoners,Action|Crime|Thriller,
203,Wind River,Action|Crime|Thriller,
204,Nightcrawler,Action|Crime|Thriller,
205,Drive,Action|Crime|Thriller,
206,Baby Driver,Action|Crime|Thriller,
207,Logan Lucky,Action|Crime|Thriller,
208,The Nice Guys,Action|Crime|Thriller,
209,Kiss Kiss Bang Bang,Action|Crime|Thriller,
210,The Lincoln Lawyer,Action|Crime|Thriller,
211,A Time to Kill,Action|Crime|Thriller,
212,Mystic River,Action|Crime|Thriller,
213,Zodiac,Action|Crime|Thriller,
214,Gone Girl,Action|Crime|Thriller,
215,The Girl with the Dragon Tattoo,Action|Crime|Thriller,
216,Argo,Action|Crime|Thriller,
217,Zero Dark Thirty,Action|Crime|Thriller,
218,The Fugitive,Action|Crime|Thriller,
219,Enemy of the State,Action|Crime|Thriller,
220,2001: A Space Odyssey,Sci-Fi|Adventure,
221,A Clockwork Orange,Sci-Fi|Adventure,
222,Blade Runner 2049,Sci-Fi|Adventure,
223,Aliens,Sci-Fi|Adventure,
224,Alien 3,Sci-Fi|Adventure,
225,Alien: Resurrection,Sci-Fi|Adventure,
226,Prometheus,Sci-Fi|Adventure,
227,Alien: Covenant,Sci-Fi|Adventure,
228,The Terminator,Sci-Fi|Adventure,
229,Terminator 3: Rise of the Machines,Sci-Fi|Adventure,
230,Terminator Salvation,Sci-Fi|Adventure,
231,Terminator Genisys,Sci-Fi|Adventure,
232,The Fifth Element,Sci-Fi|Adventure,
233,Star Trek,Sci-Fi|Adventure,
234,Star Trek Into Darkness,Sci-Fi|Adventure,
235,Star Trek Beyond,Sci-Fi|Adventure,
236,Star Wars,Sci-Fi|Adventure,
237,Return of the Jedi,Sci-Fi|Adventure,
238,The Phantom Menace,Sci-Fi|Adventure,
239,Attack of the Clones,Sci-Fi|Adventure,
240,Revenge of the Sith,Sci-Fi|Adventure,
241,The Force Awakens,Sci-Fi|Adventure,
242,The Last Jedi,Sci-Fi|Adventure,
243,The Rise of Skywalker,Sci-Fi|Adventure,
244,Rogue One,Sci-Fi|Adventure,
245,Solo: A Star Wars Story,Sci-Fi|Adventure,
246,Guardians of the Galaxy,Sci-Fi|Adventure,
247,Guardians of the Galaxy Vol. 2,Sci-Fi|Adventure,
248,Guardians of the Galaxy Vol. 3,Sci-Fi|Adventure,
249,Thor,Sci-Fi|Adventure,
250,Thor: The Dark World,Sci-Fi|Adventure,
251,Thor: Ragnarok,Sci-Fi|Adventure,
252,Thor: Love and Thunder,Sci-Fi|Adventure,
253,Iron Man 2,Sci-Fi|Adventure,
254,Iron Man 3,Sci-Fi|Adventure,
255,Captain America: The First Avenger,Sci-Fi|Adventure,
256,Captain America: The Winter Soldier,Sci-Fi|Adventure,
257,Captain America: Civil War,Sci-Fi|Adventure,
258,Doctor Strange,Sci-Fi|Adventure,
259,Doctor Strange in the Multiverse of Madness,Sci-Fi|Adventure,
260,Black Panther: Wakanda Forever,Sci-Fi|Adventure,
261,Ant-Man,Sci-Fi|Adventure,
262,Ant-Man and the Wasp,Sci-Fi|Adventure,
263,Ant-Man and the Wasp: Quantumania,Sci-Fi|Adventure,
264,The Avengers,Sci-Fi|Adventure,
265,The Lord of the Rings: The Two Towers,Fantasy|Adventure,
266,The Lord of the Rings: The Return of the King,Fantasy|Adventure,
267,The Hobbit: An Unexpected Journey,Fantasy|Adventure,
268,The Hobbit: The Desolation of Smaug,Fantasy|Adventure,
269,The Hobbit: The Battle of the Five Armies,Fantasy|Adventure,
270,Harry Potter and the Chamber of Secrets,Fantasy|Adventure,
271,Harry Potter and the Prisoner of Azkaban,Fantasy|Adventure,
272,Harry Potter and the Goblet of Fire,Fantasy|Adventure,
273,Harry Potter and the Order of the Phoenix,Fantasy|Adventure,
274,Harry Potter and the Half-Blood Prince,Fantasy|Adventure,
275,Harry Potter and the Deathly Hallows: Part 1,Fantasy|Adventure,
276,Harry Potter and the Deathly Hallows: Part 2,Fantasy|Adventure,
277,Fantastic Beasts and Where to Find Them,Fantasy|Adventure,
278,Fantastic Beasts: The Crimes of Grindelwald,Fantasy|Adventure,
279,Fantastic Beasts: The Secrets of Dumbledore,Fantasy|Adventure,
280,Pirates of the Caribbean: The Curse of the Black Pearl,Fantasy|Adventure,
281,Pirates of the Caribbean: Dead Man's Chest,Fantasy|Adventure,
282,Pirates of the Caribbean: At World's End,Fantasy|Adventure,
283,Pirates of the Caribbean: On Stranger Tides,Fantasy|Adventure,
284,Pirates of the Caribbean: Dead Men Tell No Tales,Fantasy|Adventure,
285,Stardust,Fantasy|Adventure,
286,The Princess Bride,Fantasy|Adventure,
287,Pan's Labyrinth,Fantasy|Adventure,
288,The NeverEnding Story,Fantasy|Adventure,
289,"The Chronicles of Narnia: The Lion, the Witch and the Wardrobe",Fantasy|Adventure,
290,The Chronicles of Narnia: Prince Caspian,Fantasy|Adventure,
291,The Chronicles of Narnia: The Voyage of the Dawn Treader,Fantasy|Adventure,
292,Alice in Wonderland,Fantasy|Adventure,
293,Alice Through the Looking Glass,Fantasy|Adventure,
294,Maleficent,Fantasy|Adventure,
295,Maleficent: Mistress of Evil,Fantasy|Adventure,
296,Oz the Great and Powerful,Fantasy|Adventure,
297,Snow White and the Huntsman,Fantasy|Adventure,
298,The Huntsman: Winter's War,Fantasy|Adventure,
299,Clash of the Titans,Fantasy|Adventure,
300,Wrath of the Titans,Fantasy|Adventure,
301,Jason and the Argonauts,Fantasy|Adventure,
302,The Green Knight,Fantasy|Adventure,
303,The Shape of Water,Fantasy|Adventure,
304,Big Fish,Fantasy|Adventure,
305,Edward Scissorhands,Fantasy|Adventure,
306,Sleepy Hollow,Fantasy|Adventure,
307,Beetlejuice,Fantasy|Adventure,
308,Practical Magic,Fantasy|Adventure,
309,The Craft,Fantasy|Adventure,
310,Constantine,Fantasy|Adventure,
311,Hellboy,Fantasy|Adventure,
312,Hellboy II: The Golden Army,Fantasy|Adventure,
313,Van Helsing,Fantasy|Adventure,
314,Groundhog Day,Comedy,
315,Ferris Bueller's Day Off,Comedy,
316,The Breakfast Club,Comedy,
317,Sixteen Candles,Comedy,
318,Pretty in Pink,Comedy,
319,Clueless,Comedy,
320,Easy A,Comedy,
321,Booksmart,Comedy,
322,The Heat,Comedy,
323,Spy,Comedy,
324,Game Night,Comedy,
325,Tag,Comedy,
326,Horrible Bosses,Comedy,
327,Horrible Bosses 2,Comedy,
328,Office Space,Comedy,
329,The 40-Year-Old Virgin,Comedy,
330,Knocked Up,Comedy,
331,Pineapple Express,Comedy,
332,This Is the End,Comedy,
333,Forgetting Sarah Marshall,Comedy,
334,Get Him to the Greek,Comedy,
335,"I Love You, Man",Comedy,
336,Role Models,Comedy,
337,Wedding Crashers,Comedy,
338,Old School,Comedy,
339,Anchorman 2: The Legend Continues,Comedy,
340,Talladega Nights,Comedy,
341,Elf,Comedy,
342,The Other Guys,Comedy,
343,We're the Millers,Comedy,
344,Due Date,Comedy,
345,Tropic Thunder,Comedy,
346,Zoolander,Comedy,
347,Zoolander 2,Comedy,
348,DodgeBall: A True Underdog Story,Comedy,
349,Meet the Parents,Comedy,
350,Meet the Fockers,Comedy,
351,Little Miss Sunshine,Comedy,
352,The Grand Budapest Hotel,Comedy,
353,Fantastic Mr. Fox,Comedy,
354,Moonrise Kingdom,Comedy,
355,The Royal Tenenbaums,Comedy,
356,Rushmore,Comedy,
357,The Life Aquatic with Steve Zissou,Comedy,
358,School of Rock,Comedy,
359,Nacho Libre,Comedy,
360,Napoleon Dynamite,Comedy,
361,The Godfather Part II,Drama,
362,One Flew Over the Cuckoo's Nest,Drama,
363,12 Angry Men,Drama,
364,The Pianist,Drama,
365,Life Is Beautiful,Drama,
366,American History X,Drama,
367,Good Will Hunting,Drama,
368,Dead Poets Society,Drama,
369,A Beautiful Mind,Drama,
370,There Will Be Blood,Drama,
371,No Country for Old Men,Drama,
372,The Revenant,Drama,
373,Birdman,Drama,
374,Black Swan,Drama,
375,The Wrestler,Drama,
376,The Fighter,Drama,
377,Million Dollar Baby,Drama,
378,Rocky II,Drama,
379,Rocky III,Drama,
380,Rocky IV,Drama,
381,Creed,Drama,
382,Creed II,Drama,
383,The Pursuit of Happyness,Drama,
384,The Blind Side,Drama,
385,The Theory of Everything,Drama,
386,The Imitation Game,Drama,
387,Hidden Figures,Drama,
388,The Help,Drama,
389,12 Years a Slave,Drama,
390,Moonlight,Drama,
391,Manchester by the Sea,Drama,
392,Room,Drama,
393,The Father,Drama,
394,The Whale,Drama,
395,Nomadland,Drama,
396,Minari,Drama,
397,The Florida Project,Drama,
398,Boyhood,Drama,
399,Before Sunrise,Drama,
400,Before Sunset,Drama,
401,Before Midnight,Drama,
402,Marriage Story,Drama,
403,Her,Drama,
404,Lost in Translation,Drama,
405,Roman Holiday,Romance|Drama,
406,An Affair to Remember,Romance|Drama,
407,Breakfast at Tiffany's,Romance|Drama,
408,West Side Story,Romance|Drama,
409,The Sound of Music,Romance|Drama,
410,Gone with the Wind,Romance|Drama,
411,Doctor Zhivago,Romance|Drama,
412,Love Story,Romance|Drama,
413,Sleepless in Seattle,Romance|Drama,
414,You've Got Mail,Romance|Drama,
415,Notting Hill,Romance|Drama,
416,Four Weddings and a Funeral,Romance|Drama,
417,Love Actually,Romance|Drama,
418,About Time,Romance|Drama,
419,500 Days of Summer,Romance|Drama,
420,Eternal Sunshine of the Spotless Mind,Romance|Drama,
421,Me Before You,Romance|Drama,
422,The Vow,Romance|Drama,
423,Dear John,Romance|Drama,
424,The Lucky One,Romance|Drama,
425,Safe Haven,Romance|Drama,
426,The Best of Me,Romance|Drama,
427,The Longest Ride,Romance|Drama,
428,The Last Song,Romance|Drama,
429,A Walk to Remember,Romance|Drama,
430,The Time Traveler's Wife,Romance|Drama,
431,The Age of Adaline,Romance|Drama,
432,Brooklyn,Romance|Drama,
433,Carol,Romance|Drama,
434,Blue Valentine,Romance|Drama,
435,Call Me by Your Name,Romance|Drama,
436,Brokeback Mountain,Romance|Drama,
437,Portrait of a Lady on Fire,Romance|Drama,
438,Past Lives,Romance|Drama,
439,Before We Go,Romance|Drama,
440,Begin Again,Romance|Drama,
441,Once,Romance|Drama,
442,The Spectacular Now,Romance|Drama,
443,The Perks of Being a Wallflower,Romance|Drama,
444,Silver Linings Playbook,Romance|Drama,
445,To All the Boys I've Loved Before,Romance|Drama,
446,The Half of It,Romance|Drama,
447,Always Be My Maybe,Romance|Drama,
448,Palm Springs,Romance|Drama,
449,The Holiday,Romance|Drama,
450,The Shining,Horror|Thriller,
451,Friday the 13th,Horror|Thriller,
452,A Nightmare on Elm Street,Horror|Thriller,
453,Scream,Horror|Thriller,
454,Scream 2,Horror|Thriller,
455,Scream 3,Horror|Thriller,
456,Scream 4,Horror|Thriller,
457,Scream 5,Horror|Thriller,
458,The Texas Chain Saw Massacre,Horror|Thriller,
459,The Evil Dead,Horror|Thriller,
460,Evil Dead II,Horror|Thriller,
461,Army of Darkness,Horror|Thriller,
462,The Blair Witch Project,Horror|Thriller,
463,The Ring,Horror|Thriller,
464,The Grudge,Horror|Thriller,
465,It Chapter Two,Horror|Thriller,
466,Midsommar,Horror|Thriller,
467,The Witch,Horror|Thriller,
468,The Lighthouse,Horror|Thriller,
469,The Babadook,Horror|Thriller,
470,Sinister,Horror|Thriller,
471,Insidious,Horror|Thriller,
472,Insidious: Chapter 2,Horror|Thriller,
473,Insidious: The Red Door,Horror|Thriller,
474,Sinister 2,Horror|Thriller,
475,Annabelle,Horror|Thriller,
476,Annabelle: Creation,Horror|Thriller,
477,Annabelle Comes Home,Horror|Thriller,
478,Ouija,Horror|Thriller,
479,Ouija: Origin of Evil,Horror|Thriller,
480,Lights Out,Horror|Thriller,
481,Don't Breathe,Horror|Thriller,
482,Don't Breathe 2,Horror|Thriller,
483,Hush,Horror|Thriller,
484,It Follows,Horror|Thriller,
485,Talk to Me,Horror|Thriller,
486,Barbarian,Horror|Thriller,
487,Smile,Horror|Thriller,
488,The Black Phone,Horror|Thriller,
489,Doctor Sleep,Horror|Thriller,
490,Us,Horror|Thriller,
491,Nope,Horror|Thriller,
492,The Invisible Man,Horror|Thriller,
493,The Cabin in the Woods,Horror|Thriller,
494,Ready or Not,Horror|Thriller,
495,The Incredibles 2,Animation|Family,
496,Finding Dory,Animation|Family,
497,Monsters University,Animation|Family,
498,Inside Out 2,Animation|Family,
499,Frozen II,Animation|Family,
500,Tangled,Animation|Family,
501,Big Hero 6,Animation|Family,
502,Encanto,Animation|Family,
503,Raya and the Last Dragon,Animation|Family,
504,Luca,Animation|Family,
505,Soul,Animation|Family,
506,Turning Red,Animation|Family,
507,Elemental,Animation|Family,
508,The Good Dinosaur,Animation|Family,
509,Brave,Animation|Family,
510,Wreck-It Ralph,Animation|Family,
511,Ralph Breaks the Internet,Animation|Family,
512,How to Train Your Dragon 2,Animation|Family,
513,How to Train Your Dragon: The Hidden World,Animation|Family,
514,Kung Fu Panda 2,Animation|Family,
515,Kung Fu Panda 3,Animation|Family,
516,Shrek 2,Animation|Family,
517,Shrek the Third,Animation|Family,
518,Shrek Forever After,Animation|Family,
519,Madagascar,Animation|Family,
520,Madagascar: Escape 2 Africa,Animation|Family,
521,Madagascar 3: Europe's Most Wanted,Animation|Family,
522,Ice Age,Animation|Family,
523,Ice Age: The Meltdown,Animation|Family,
524,Ice Age: Dawn of the Dinosaurs,Animation|Family,
525,Ice Age: Continental Drift,Animation|Family,
526,The Croods,Animation|Family,
527,The Croods: A New Age,Animation|Family,
528,Despicable Me,Animation|Family,
529,Despicable Me 2,Animation|Family,
530,Despicable Me 3,Animation|Family,
531,Minions,Animation|Family,
532,Sing,Animation|Family,
533,Sing 2,Animation|Family,
534,The Sixth Sense,Thriller|Mystery,
535,The Machinist,Thriller|Mystery,
536,The Others,Thriller|Mystery,
537,The Village,Thriller|Mystery,
538,Signs,Thriller|Mystery,
539,Unbreakable,Thriller|Mystery,
540,Split,Thriller|Mystery,
541,Glass,Thriller|Mystery,
542,The Game,Thriller|Mystery,
543,Insomnia,Thriller|Mystery,
544,The Girl on the Train,Thriller|Mystery,
545,A Simple Favor,Thriller|Mystery,
546,Searching,Thriller|Mystery,
547,Missing,Thriller|Mystery,
548,The Invisible Guest,Thriller|Mystery,
549,The Guilty,Thriller|Mystery,
550,Primal Fear,Thriller|Mystery,
551,Cape Fear,Thriller|Mystery,
552,Misery,Thriller|Mystery,
553,Secret Window,Thriller|Mystery,
554,Identity,Thriller|Mystery,
555,Frailty,Thriller|Mystery,
556,The Skeleton Key,Thriller|Mystery,
557,The Orphanage,Thriller|Mystery,
558,The Visit,Thriller|Mystery,
559,10 Cloverfield Lane,Thriller|Mystery,
560,Cloverfield,Thriller|Mystery,
561,Coherence,Thriller|Mystery,
562,Triangle,Thriller|Mystery,
563,Source Code,Thriller|Mystery,
564,Looper,Thriller|Mystery,
565,Predestination,Thriller|Mystery,
566,Timecrimes,Thriller|Mystery,
567,The Butterfly Effect,Thriller|Mystery,
568,Donnie Darko,Thriller|Mystery,
569,Dark City,Thriller|Mystery,
570,Equilibrium,Thriller|Mystery,
571,Gattaca,Thriller|Mystery,
572,Ex Machina,Thriller|Mystery,
573,Upgrade,Thriller|Mystery,
574,Moon,Thriller|Mystery,
575,Sunshine,Thriller|Mystery,
576,Europa Report,Thriller|Mystery,
577,Ad Astra,Thriller|Mystery,
578,The Vast of Night,Thriller|Mystery,
579,Arrival,Thriller|Mystery,
580,Casino,Crime|Drama,
581,The Irishman,Crime|Drama,
582,A Bronx Tale,Crime|Drama,
583,Mean Streets,Crime|Drama,
584,Raging Bull,Crime|Drama,
585,Taxi Driver,Crime|Drama,
586,The King of Comedy,Crime|Drama,
587,Falling Down,Crime|Drama,
588,American Psycho,Crime|Drama,
589,Fargo,Crime|Drama,
590,The Big Lebowski,Crime|Drama,
591,"O Brother, Where Art Thou?",Crime|Drama,
592,Burn After Reading,Crime|Drama,
593,Inside Llewyn Davis,Crime|Drama,
594,True Grit,Crime|Drama,
595,The Hateful Eight,Crime|Drama,
596,The Untouchables,Crime|Drama,
597,The Place Beyond the Pines,Crime|Drama,
598,Eastern Promises,Crime|Drama,
599,A History of Violence,Crime|Drama,
600,Road to Perdition,Crime|Drama,
601,Gangs of New York,Crime|Drama,
602,Catch Me If You Can,Crime|Drama,
603,The Big Short,Crime|Drama,
604,Moneyball,Crime|Drama,
605,Vice,Crime|Drama,
606,The Founder,Crime|Drama,
607,Steve Jobs,Crime|Drama,
608,Jobs,Crime|Drama,
609,Pirates of Silicon Valley,Crime|Drama,
610,Spotlight,Crime|Drama,
611,All the President's Men,Crime|Drama,
612,The Post,Crime|Drama,
613,Dark Waters,Crime|Drama,
614,Official Secrets,Crime|Drama,
615,The Report,Crime|Drama,
616,The Mauritanian,Crime|Drama,
617,The Trial of the Chicago 7,Crime|Drama,
618,Bombshell,Crime|Drama,
619,Richard Jewell,Crime|Drama,
620,Captain Phillips,Crime|Drama,
621,United 93,Crime|Drama,
622,Hotel Mumbai,Crime|Drama,
623,Patriots Day,Crime|Drama,
624,The Godfather Part III,Crime|Drama,
625,The Deer Hunter,Drama|War,
626,Platoon,Drama|War,
627,Full Metal Jacket,Drama|War,
628,Apocalypse Now,Drama|War,
629,The Hurt Locker,Drama|War,
630,Black Hawk Down,Action|Drama|War,
