userId,movieId,rating
1,2,5.0
1,4,3.0
1,7,2.0
1,8,3.0
1,11,2.0
1,12,2.0
1,16,3.0
1,19,3.0
1,20,4.0
1,24,2.0
1,25,3.0
1,26,4.0
1,27,5.0
1,28,3.0
2,1,4.0
2,3,5.0
2,4,4.0
2,8,2.0
2,9,3.0
2,11,1.0
2,14,3.0
2,15,2.0
2,16,3.0
2,17,1.0
2,18,4.0
2,19,2.0
2,21,4.0
2,23,3.0
2,24,2.0
2,25,1.0
2,26,4.0
2,27,5.0
2,29,4.0
2,30,2.0
3,1,3.0
3,2,4.0
3,5,3.0
3,8,2.0
3,9,2.0
3,10,1.0
3,11,2.0
3,12,1.0
3,15,2.0
3,16,2.0
3,17,2.0
3,18,5.0
3,19,3.0
3,20,3.0
3,21,4.0
3,22,3.0
3,23,2.0
3,25,3.0
3,26,5.0
3,27,4.0
3,28,1.0
3,29,4.0
3,30,2.0
4,1,5.0
4,3,3.0
4,4,4.0
4,5,2.0
4,8,2.0
4,9,2.0
4,10,4.0
4,13,3.0
4,14,2.0
4,15,2.0
4,16,2.0
4,17,1.0
4,22,5.0
4,25,3.0
4,27,3.0
4,28,3.0
4,30,2.0
5,1,3.0
5,2,5.0
5,4,4.0
5,5,3.0
5,6,3.0
5,7,2.0
5,9,2.0
5,13,2.0
5,14,3.0
5,17,2.0
5,18,4.0
5,20,4.0
5,21,5.0
5,22,4.0
5,24,2.0
5,25,3.0
5,28,2.0
6,2,4.0
6,5,4.0
6,6,2.0
6,8,1.0
6,9,3.0
6,11,2.0
6,13,2.0
6,14,1.0
6,15,2.0
6,16,2.0
6,17,3.0
6,18,4.0
6,19,2.0
6,21,4.0
6,22,5.0
6,23,2.0
6,24,2.0
6,25,3.0
6,26,5.0
6,27,5.0
7,4,4.0
7,5,3.0
7,6,2.0
7,8,2.0
7,9,3.0
7,10,1.0
7,11,2.0
7,12,2.0
7,13,3.0
7,15,3.0
7,16,4.0
7,19,2.0
7,20,5.0
7,21,5.0
7,23,3.0
7,24,4.0
7,25,1.0
7,26,3.0
7,28,3.0
8,1,3.0
8,2,4.0
8,3,5.0
8,4,4.0
8,7,1.0
8,9,1.0
8,10,3.0
8,11,2.0
8,13,2.0
8,15,2.0
8,16,2.0
8,17,3.0
8,18,4.0
8,20,4.0
8,22,4.0
8,26,5.0
8,28,3.0
8,30,3.0
9,2,1.0
9,3,3.0
9,6,3.0
9,8,3.0
9,9,2.0
9,10,4.0
9,11,2.0
9,12,2.0
9,13,2.0
9,15,4.0
9,16,3.0
9,18,1.0
9,19,3.0
9,24,2.0
9,25,4.0
9,29,3.0
9,30,2.0
10,4,2.0
10,5,4.0
10,7,4.0
10,8,2.0
10,9,3.0
10,11,3.0
10,13,1.0
10,17,2.0
10,18,4.0
10,19,2.0
10,20,3.0
10,21,3.0
10,23,4.0
10,24,1.0
10,25,4.0
10,26,5.0
10,27,2.0
10,28,4.0
11,1,2.0
11,2,2.0
11,4,2.0
11,8,2.0
11,10,4.0
11,11,3.0
11,12,3.0
11,13,2.0
11,14,4.0
11,15,3.0
11,16,3.0
11,18,3.0
11,20,1.0
11,24,3.0
11,26,4.0
11,27,3.0
11,28,5.0
11,29,5.0
12,1,2.0
12,3,3.0
12,4,3.0
12,6,5.0
12,7,4.0
12,9,1.0
12,10,4.0
12,11,1.0
12,12,1.0
12,18,2.0
12,19,3.0
12,21,3.0
12,23,4.0
12,24,2.0
12,25,4.0
12,26,4.0
12,28,5.0
12,29,4.0
13,1,2.0
13,2,2.0
13,3,2.0
13,7,4.0
13,13,4.0
13,14,4.0
13,18,4.0
13,20,1.0
13,21,2.0
13,22,3.0
13,23,3.0
13,24,2.0
13,25,4.0
13,29,3.0
13,30,2.0
14,7,4.0
14,10,4.0
14,12,2.0
14,15,3.0
14,16,5.0
14,17,1.0
14,18,2.0
14,20,3.0
14,21,1.0
14,24,2.0
14,25,5.0
14,28,4.0
14,30,2.0
15,1,2.0
15,2,3.0
15,3,2.0
15,4,2.0
15,7,4.0
15,9,1.0
15,11,1.0
15,12,2.0
15,13,1.0
15,14,4.0
15,16,4.0
15,19,3.0
15,25,5.0
15,26,4.0
15,28,4.0
15,29,3.0
15,30,2.0
16,1,2.0
16,2,2.0
16,3,2.0
16,4,2.0
16,5,4.0
16,6,5.0
16,7,5.0
16,8,3.0
16,10,4.0
16,11,1.0
16,12,2.0
16,14,5.0
16,15,3.0
16,17,2.0
16,19,2.0
16,21,3.0
16,22,2.0
16,23,5.0
16,24,1.0
16,26,5.0
16,27,1.0
16,28,5.0
16,30,2.0
17,2,2.0
17,3,4.0
17,5,2.0
17,6,3.0
17,8,5.0
17,9,5.0
17,10,3.0
17,11,4.0
17,15,2.0
17,16,2.0
17,17,2.0
17,18,2.0
17,20,2.0
17,22,2.0
17,25,2.0
17,26,2.0
17,27,5.0
17,30,5.0
18,1,5.0
18,2,2.0
18,3,3.0
18,6,2.0
18,8,4.0
18,9,4.0
18,10,4.0
18,11,4.0
18,12,4.0
18,13,3.0
18,14,3.0
18,17,1.0
18,20,2.0
18,24,3.0
18,28,5.0
18,30,5.0
19,1,5.0
19,3,3.0
19,5,2.0
19,8,5.0
19,9,4.0
19,10,4.0
19,12,5.0
19,13,3.0
19,16,3.0
19,17,2.0
19,18,2.0
19,19,2.0
19,22,1.0
19,23,4.0
19,30,4.0
20,1,4.0
20,2,1.0
20,4,4.0
20,5,2.0
20,7,4.0
20,8,3.0
20,9,4.0
20,11,4.0
20,12,4.0
20,13,4.0
20,15,3.0
20,16,2.0
20,20,3.0
20,21,1.0
20,22,2.0
20,25,4.0
20,26,3.0
20,27,4.0
20,28,5.0
20,29,5.0
20,30,5.0
21,1,4.0
21,2,3.0
21,4,5.0
21,5,3.0
21,6,3.0
21,10,5.0
21,12,4.0
21,13,4.0
21,17,2.0
21,18,2.0
21,19,1.0
21,20,2.0
21,21,2.0
21,22,2.0
21,23,5.0
21,24,3.0
21,25,2.0
21,26,3.0
21,28,4.0
22,1,3.0
22,5,2.0
22,6,3.0
22,7,5.0
22,8,4.0
22,10,4.0
22,11,4.0
22,12,4.0
22,13,4.0
22,14,3.0
22,17,1.0
22,18,2.0
22,20,2.0
22,21,2.0
22,22,3.0
22,25,3.0
22,29,4.0
22,30,5.0
23,1,4.0
23,2,2.0
23,5,3.0
23,7,5.0
23,8,4.0
23,9,4.0
23,17,1.0
23,18,2.0
23,19,2.0
23,20,2.0
23,21,2.0
23,23,4.0
23,24,5.0
23,26,2.0
23,27,4.0
23,29,4.0
23,30,5.0
24,3,2.0
24,5,2.0
24,7,3.0
24,8,4.0
24,9,4.0
24,14,3.0
24,17,3.0
24,18,3.0
24,20,3.0
24,23,5.0
24,26,2.0
24,27,4.0
24,28,4.0
24,29,4.0
24,30,4.0
25,1,4.0
25,2,4.0
25,4,4.0
25,7,4.0
25,8,4.0
25,10,4.0
25,11,4.0
25,12,3.0
25,13,4.0
25,15,3.0
25,16,3.0
25,18,5.0
25,19,4.0
25,20,2.0
25,24,3.0
25,26,1.0
25,27,4.0
25,30,4.0
26,2,4.0
26,3,2.0
26,5,2.0
26,6,3.0
26,7,5.0
26,9,4.0
26,10,4.0
26,12,4.0
26,13,5.0
26,15,4.0
26,16,1.0
26,18,3.0
26,19,4.0
26,20,2.0
26,22,2.0
26,23,5.0
26,24,5.0
26,25,2.0
26,27,3.0
26,28,3.0
26,29,5.0
27,2,5.0
27,3,3.0
27,4,4.0
27,5,3.0
27,6,2.0
27,7,4.0
27,8,4.0
27,9,5.0
27,10,5.0
27,12,5.0
27,13,5.0
27,17,3.0
27,18,5.0
27,19,4.0
27,20,2.0
27,21,2.0
27,22,2.0
27,24,5.0
27,25,2.0
27,26,2.0
27,28,5.0
27,29,5.0
27,30,4.0
28,1,4.0
28,2,5.0
28,3,2.0
28,6,3.0
28,7,4.0
28,8,4.0
28,9,5.0
28,10,4.0
28,12,4.0
28,16,2.0
28,18,2.0
28,20,2.0
28,23,2.0
28,24,3.0
28,27,5.0
28,29,4.0
28,30,5.0
29,1,4.0
29,2,3.0
29,3,3.0
29,4,3.0
29,5,3.0
29,6,2.0
29,8,4.0
29,10,5.0
29,13,4.0
29,14,2.0
29,17,4.0
29,18,4.0
29,19,5.0
29,21,3.0
29,23,4.0
29,25,2.0
29,26,3.0
29,28,4.0
29,29,3.0
29,30,5.0
30,6,3.0
30,7,4.0
30,11,4.0
30,12,3.0
30,13,5.0
30,14,3.0
30,15,2.0
30,17,5.0
30,18,5.0
30,19,4.0
30,22,2.0
30,23,4.0
30,24,5.0
30,26,2.0
30,27,4.0
31,1,4.0
31,2,5.0
31,4,4.0
31,5,3.0
31,6,2.0
31,8,5.0
31,10,4.0
31,11,4.0
31,12,4.0
31,13,4.0
31,15,3.0
31,16,3.0
31,17,5.0
31,19,5.0
31,20,2.0
31,21,2.0
31,25,2.0
31,28,4.0
32,1,5.0
32,3,1.0
32,4,3.0
32,6,3.0
32,10,5.0
32,12,5.0
32,13,5.0
32,17,5.0
32,18,4.0
32,19,4.0
32,20,2.0
32,22,2.0
32,26,2.0
32,27,5.0
32,28,4.0
32,29,3.0
33,1,2.0
33,2,5.0
33,3,1.0
33,4,2.0
33,6,2.0
33,13,3.0
33,14,1.0
33,15,3.0
33,16,3.0
33,18,4.0
33,24,2.0
33,25,3.0
33,27,2.0
33,28,3.0
33,29,2.0
34,1,1.0
34,3,3.0
34,5,2.0
34,6,2.0
34,8,2.0
34,10,3.0
34,11,2.0
34,14,1.0
34,15,2.0
34,16,1.0
34,17,5.0
34,18,5.0
34,19,4.0
34,21,3.0
34,22,2.0
34,23,1.0
34,27,3.0
34,29,2.0
35,1,3.0
35,2,4.0
35,3,3.0
35,7,2.0
35,8,2.0
35,10,4.0
35,12,4.0
35,13,2.0
35,15,2.0
35,18,4.0
35,20,2.0
35,22,2.0
35,25,2.0
35,26,1.0
35,29,3.0
35,30,2.0
36,1,3.0
36,2,4.0
36,4,3.0
36,6,1.0
36,12,4.0
36,13,3.0
36,14,2.0
36,16,2.0
36,17,3.0
36,19,4.0
36,20,3.0
36,23,1.0
36,25,3.0
36,26,3.0
36,28,2.0
36,30,1.0
37,4,3.0
37,6,1.0
37,7,2.0
37,11,4.0
37,12,4.0
37,13,2.0
37,15,3.0
37,16,2.0
37,19,5.0
37,20,3.0
37,21,2.0
37,23,2.0
37,25,2.0
37,29,1.0
37,30,3.0
38,1,2.0
38,3,2.0
38,4,3.0
38,5,3.0
38,7,3.0
38,8,3.0
38,11,2.0
38,12,5.0
38,16,1.0
38,19,3.0
38,20,1.0
38,21,2.0
38,23,2.0
38,24,2.0
38,25,3.0
38,28,2.0
39,1,2.0
39,2,4.0
39,3,3.0
39,5,3.0
39,6,1.0
39,7,2.0
39,10,2.0
39,11,2.0
39,12,4.0
39,13,2.0
39,14,2.0
39,15,3.0
39,16,2.0
39,19,4.0
39,20,2.0
39,21,3.0
39,23,2.0
39,26,3.0
39,28,3.0
40,3,2.0
40,4,3.0
40,5,2.0
40,6,3.0
40,7,2.0
40,8,3.0
40,10,1.0
40,12,4.0
40,13,2.0
40,15,3.0
40,16,2.0
40,17,5.0
40,18,3.0
40,19,3.0
40,20,3.0
40,22,2.0
40,24,2.0
40,25,2.0
40,27,2.0
40,28,3.0
40,29,3.0
40,30,3.0
41,1,2.0
41,2,1.0
41,8,2.0
41,10,4.0
41,11,1.0
41,12,2.0
41,15,5.0
41,16,5.0
41,18,2.0
41,22,3.0
41,26,3.0
41,27,1.0
41,28,5.0
41,30,2.0
42,1,2.0
42,3,3.0
42,4,2.0
42,7,3.0
42,8,1.0
42,9,2.0
42,11,1.0
42,13,1.0
42,15,4.0
42,16,4.0
42,17,1.0
42,19,2.0
42,20,1.0
42,22,2.0
42,23,4.0
42,24,2.0
42,25,2.0
42,26,2.0
42,27,2.0
42,28,4.0
42,30,3.0
43,1,2.0
43,2,3.0
43,3,2.0
43,4,2.0
43,5,4.0
43,6,4.0
43,7,1.0
43,10,5.0
43,12,3.0
43,16,4.0
43,17,2.0
43,18,3.0
43,19,2.0
43,21,1.0
43,23,4.0
43,25,2.0
43,26,3.0
43,28,4.0
43,29,4.0
44,1,3.0
44,3,2.0
44,5,5.0
44,6,4.0
44,7,2.0
44,8,2.0
44,9,3.0
44,10,5.0
44,11,1.0
44,13,3.0
44,15,5.0
44,16,5.0
44,17,3.0
44,24,2.0
44,25,2.0
44,26,3.0
44,27,3.0
44,28,4.0
44,29,3.0
44,30,2.0
45,1,2.0
45,2,1.0
45,3,3.0
45,4,1.0
45,8,2.0
45,9,3.0
45,13,2.0
45,15,4.0
45,16,5.0
45,18,2.0
45,19,2.0
45,23,4.0
45,24,3.0
45,25,2.0
45,26,2.0
45,28,4.0
45,29,5.0
45,30,2.0
46,1,2.0
46,2,4.0
46,3,3.0
46,5,5.0
46,9,2.0
46,10,4.0
46,11,2.0
46,13,3.0
46,15,4.0
46,17,2.0
46,18,3.0
46,19,2.0
46,21,3.0
46,22,3.0
46,23,4.0
46,24,3.0
46,25,3.0
46,26,4.0
46,29,4.0
46,30,2.0
47,1,3.0
47,2,3.0
47,3,3.0
47,5,4.0
47,6,3.0
47,9,2.0
47,10,5.0
47,11,2.0
47,12,2.0
47,13,1.0
47,14,4.0
47,15,4.0
47,16,4.0
47,17,3.0
47,19,2.0
47,21,2.0
47,24,4.0
47,25,2.0
47,27,2.0
48,4,2.0
48,5,5.0
48,7,2.0
48,8,3.0
48,9,2.0
48,12,2.0
48,16,5.0
48,17,1.0
48,18,2.0
48,22,1.0
48,23,3.0
48,24,2.0
48,25,3.0
48,27,2.0
48,28,5.0
48,29,5.0
